--------------------------------------------------------
--  File created - Thursday-June-10-2021   
--------------------------------------------------------
  DROP TABLE "SCOTT"."ACTORS" cascade constraints;
  DROP TABLE "SCOTT"."BONUS" cascade constraints;
  DROP TABLE "SCOTT"."CHARITY_EMP" cascade constraints;
  DROP TABLE "SCOTT"."DEPT" cascade constraints;
  DROP TABLE "SCOTT"."DONATION" cascade constraints;
  DROP TABLE "SCOTT"."DONATOR" cascade constraints;
  DROP TABLE "SCOTT"."EMP" cascade constraints;
  DROP TABLE "SCOTT"."FILMACTORS" cascade constraints;
  DROP TABLE "SCOTT"."FILMCATEGORY" cascade constraints;
  DROP TABLE "SCOTT"."FILMCOPIES" cascade constraints;
  DROP TABLE "SCOTT"."FILMTITLES" cascade constraints;
  DROP TABLE "SCOTT"."MEMBERS" cascade constraints;
  DROP TABLE "SCOTT"."NEEDY_EMP" cascade constraints;
  DROP TABLE "SCOTT"."POORPEOPLE" cascade constraints;
  DROP TABLE "SCOTT"."RENTALS" cascade constraints;
  DROP TABLE "SCOTT"."SALGRADE" cascade constraints;
  DROP SEQUENCE "SCOTT"."ACTID";
  DROP PROCEDURE "SCOTT"."EMPLOYEES";
  DROP PROCEDURE "SCOTT"."GETCOPYID";
  DROP PROCEDURE "SCOTT"."GETRENTID";
  DROP PROCEDURE "SCOTT"."INSERT_RENTAL";
  DROP PROCEDURE "SCOTT"."ITEM";
  DROP PROCEDURE "SCOTT"."NEEDY";
  DROP PROCEDURE "SCOTT"."ONEEMP";
  DROP PROCEDURE "SCOTT"."UPDATE_STATUS";
--------------------------------------------------------
--  DDL for Sequence ACTID
--------------------------------------------------------

   CREATE SEQUENCE  "SCOTT"."ACTID"  MINVALUE 1 MAXVALUE 9999999999999999999999999999 INCREMENT BY 1 START WITH 21 CACHE 20 NOORDER  NOCYCLE ;
--------------------------------------------------------
--  DDL for Table ACTORS
--------------------------------------------------------

  CREATE TABLE "SCOTT"."ACTORS" 
   (	"ACTORID" NUMBER(10,0), 
	"ACTORNAME" VARCHAR2(20 BYTE), 
	"GENDER" VARCHAR2(1 BYTE)
   ) SEGMENT CREATION IMMEDIATE 
  PCTFREE 10 PCTUSED 40 INITRANS 1 MAXTRANS 255 NOCOMPRESS LOGGING
  STORAGE(INITIAL 65536 NEXT 1048576 MINEXTENTS 1 MAXEXTENTS 2147483645
  PCTINCREASE 0 FREELISTS 1 FREELIST GROUPS 1 BUFFER_POOL DEFAULT FLASH_CACHE DEFAULT CELL_FLASH_CACHE DEFAULT)
  TABLESPACE "USERS" ;
--------------------------------------------------------
--  DDL for Table BONUS
--------------------------------------------------------

  CREATE TABLE "SCOTT"."BONUS" 
   (	"ENAME" VARCHAR2(10 BYTE), 
	"JOB" VARCHAR2(9 BYTE), 
	"SAL" NUMBER, 
	"COMM" NUMBER
   ) SEGMENT CREATION DEFERRED 
  PCTFREE 10 PCTUSED 40 INITRANS 1 MAXTRANS 255 NOCOMPRESS LOGGING
  TABLESPACE "USERS" ;
--------------------------------------------------------
--  DDL for Table CHARITY_EMP
--------------------------------------------------------

  CREATE TABLE "SCOTT"."CHARITY_EMP" 
   (	"ID" NUMBER, 
	"NAME" VARCHAR2(20 BYTE), 
	"EMPPHONE" NUMBER, 
	"STATUS" VARCHAR2(20 BYTE)
   ) SEGMENT CREATION IMMEDIATE 
  PCTFREE 10 PCTUSED 40 INITRANS 1 MAXTRANS 255 NOCOMPRESS LOGGING
  STORAGE(INITIAL 65536 NEXT 1048576 MINEXTENTS 1 MAXEXTENTS 2147483645
  PCTINCREASE 0 FREELISTS 1 FREELIST GROUPS 1 BUFFER_POOL DEFAULT FLASH_CACHE DEFAULT CELL_FLASH_CACHE DEFAULT)
  TABLESPACE "USERS" ;
--------------------------------------------------------
--  DDL for Table DEPT
--------------------------------------------------------

  CREATE TABLE "SCOTT"."DEPT" 
   (	"DEPTNO" NUMBER(2,0), 
	"DNAME" VARCHAR2(14 BYTE), 
	"LOC" VARCHAR2(13 BYTE)
   ) SEGMENT CREATION IMMEDIATE 
  PCTFREE 10 PCTUSED 40 INITRANS 1 MAXTRANS 255 NOCOMPRESS LOGGING
  STORAGE(INITIAL 65536 NEXT 1048576 MINEXTENTS 1 MAXEXTENTS 2147483645
  PCTINCREASE 0 FREELISTS 1 FREELIST GROUPS 1 BUFFER_POOL DEFAULT FLASH_CACHE DEFAULT CELL_FLASH_CACHE DEFAULT)
  TABLESPACE "USERS" ;
--------------------------------------------------------
--  DDL for Table DONATOR
--------------------------------------------------------

  CREATE TABLE "SCOTT"."DONATOR" 
   (	"NAME" VARCHAR2(20 BYTE), 
	"PHONENO" NUMBER, 
	"LOCATION" VARCHAR2(20 BYTE)
   ) SEGMENT CREATION IMMEDIATE 
  PCTFREE 10 PCTUSED 40 INITRANS 1 MAXTRANS 255 NOCOMPRESS LOGGING
  STORAGE(INITIAL 65536 NEXT 1048576 MINEXTENTS 1 MAXEXTENTS 2147483645
  PCTINCREASE 0 FREELISTS 1 FREELIST GROUPS 1 BUFFER_POOL DEFAULT FLASH_CACHE DEFAULT CELL_FLASH_CACHE DEFAULT)
  TABLESPACE "USERS" ;
--------------------------------------------------------
--  DDL for Table DONATION
--------------------------------------------------------

  CREATE TABLE "SCOTT"."DONATION" 
   (	"EMP_ID" NUMBER DEFAULT NULL, 
	"TYPE" VARCHAR2(20 BYTE), 
	"AMOUNT" NUMBER, 
	"DONATOR_ID" NUMBER, 
	"NEEDYPERSON_ID" NUMBER, 
	"ID" NUMBER
   ) SEGMENT CREATION IMMEDIATE 
  PCTFREE 10 PCTUSED 40 INITRANS 1 MAXTRANS 255 NOCOMPRESS LOGGING
  STORAGE(INITIAL 65536 NEXT 1048576 MINEXTENTS 1 MAXEXTENTS 2147483645
  PCTINCREASE 0 FREELISTS 1 FREELIST GROUPS 1 BUFFER_POOL DEFAULT FLASH_CACHE DEFAULT CELL_FLASH_CACHE DEFAULT)
  TABLESPACE "USERS" ;
--------------------------------------------------------
--  DDL for Table EMP
--------------------------------------------------------

  CREATE TABLE "SCOTT"."EMP" 
   (	"EMPNO" NUMBER(4,0), 
	"ENAME" VARCHAR2(10 BYTE), 
	"JOB" VARCHAR2(9 BYTE), 
	"MGR" NUMBER(4,0), 
	"HIREDATE" DATE, 
	"SAL" NUMBER(7,2), 
	"COMM" NUMBER(7,2), 
	"DEPTNO" NUMBER(2,0), 
	"SKILLS" CHAR(3 BYTE), 
	"GENDER" CHAR(1 BYTE)
   ) SEGMENT CREATION IMMEDIATE 
  PCTFREE 10 PCTUSED 40 INITRANS 1 MAXTRANS 255 NOCOMPRESS LOGGING
  STORAGE(INITIAL 65536 NEXT 1048576 MINEXTENTS 1 MAXEXTENTS 2147483645
  PCTINCREASE 0 FREELISTS 1 FREELIST GROUPS 1 BUFFER_POOL DEFAULT FLASH_CACHE DEFAULT CELL_FLASH_CACHE DEFAULT)
  TABLESPACE "USERS" ;
--------------------------------------------------------
--  DDL for Table FILMTITLES
--------------------------------------------------------

  CREATE TABLE "SCOTT"."FILMTITLES" 
   (	"FILMID" NUMBER(10,0), 
	"FILMTITLE" VARCHAR2(50 BYTE), 
	"RELEASEDATE" DATE, 
	"FILMDURATION" NUMBER(3,0), 
	"FILMCATEGORYID" NUMBER(3,0)
   ) SEGMENT CREATION IMMEDIATE 
  PCTFREE 10 PCTUSED 40 INITRANS 1 MAXTRANS 255 NOCOMPRESS LOGGING
  STORAGE(INITIAL 65536 NEXT 1048576 MINEXTENTS 1 MAXEXTENTS 2147483645
  PCTINCREASE 0 FREELISTS 1 FREELIST GROUPS 1 BUFFER_POOL DEFAULT FLASH_CACHE DEFAULT CELL_FLASH_CACHE DEFAULT)
  TABLESPACE "USERS" ;
--------------------------------------------------------
--  DDL for Table FILMACTORS
--------------------------------------------------------

  CREATE TABLE "SCOTT"."FILMACTORS" 
   (	"FILMID" NUMBER(10,0), 
	"ACTORID" NUMBER(10,0)
   ) SEGMENT CREATION IMMEDIATE 
  PCTFREE 10 PCTUSED 40 INITRANS 1 MAXTRANS 255 NOCOMPRESS LOGGING
  STORAGE(INITIAL 65536 NEXT 1048576 MINEXTENTS 1 MAXEXTENTS 2147483645
  PCTINCREASE 0 FREELISTS 1 FREELIST GROUPS 1 BUFFER_POOL DEFAULT FLASH_CACHE DEFAULT CELL_FLASH_CACHE DEFAULT)
  TABLESPACE "USERS" ;
--------------------------------------------------------
--  DDL for Table FILMCATEGORY
--------------------------------------------------------

  CREATE TABLE "SCOTT"."FILMCATEGORY" 
   (	"CATEGORYID" NUMBER(3,0), 
	"CATEGORYNAME" VARCHAR2(20 BYTE)
   ) SEGMENT CREATION IMMEDIATE 
  PCTFREE 10 PCTUSED 40 INITRANS 1 MAXTRANS 255 NOCOMPRESS LOGGING
  STORAGE(INITIAL 65536 NEXT 1048576 MINEXTENTS 1 MAXEXTENTS 2147483645
  PCTINCREASE 0 FREELISTS 1 FREELIST GROUPS 1 BUFFER_POOL DEFAULT FLASH_CACHE DEFAULT CELL_FLASH_CACHE DEFAULT)
  TABLESPACE "USERS" ;
--------------------------------------------------------
--  DDL for Table FILMCOPIES
--------------------------------------------------------

  CREATE TABLE "SCOTT"."FILMCOPIES" 
   (	"COPYID" NUMBER(5,0), 
	"FILMID" NUMBER(10,0), 
	"CURRENTLYRENTED" CHAR(1 BYTE)
   ) SEGMENT CREATION IMMEDIATE 
  PCTFREE 10 PCTUSED 40 INITRANS 1 MAXTRANS 255 NOCOMPRESS LOGGING
  STORAGE(INITIAL 65536 NEXT 1048576 MINEXTENTS 1 MAXEXTENTS 2147483645
  PCTINCREASE 0 FREELISTS 1 FREELIST GROUPS 1 BUFFER_POOL DEFAULT FLASH_CACHE DEFAULT CELL_FLASH_CACHE DEFAULT)
  TABLESPACE "USERS" ;
--------------------------------------------------------
--  DDL for Table MEMBERS
--------------------------------------------------------

  CREATE TABLE "SCOTT"."MEMBERS" 
   (	"MEMBERID" NUMBER(10,0), 
	"MEMNAME" VARCHAR2(20 BYTE), 
	"JOINDATE" DATE, 
	"DOB" DATE, 
	"PHONE" NUMBER(12,0)
   ) SEGMENT CREATION IMMEDIATE 
  PCTFREE 10 PCTUSED 40 INITRANS 1 MAXTRANS 255 NOCOMPRESS LOGGING
  STORAGE(INITIAL 65536 NEXT 1048576 MINEXTENTS 1 MAXEXTENTS 2147483645
  PCTINCREASE 0 FREELISTS 1 FREELIST GROUPS 1 BUFFER_POOL DEFAULT FLASH_CACHE DEFAULT CELL_FLASH_CACHE DEFAULT)
  TABLESPACE "USERS" ;
--------------------------------------------------------
--  DDL for Table POORPEOPLE
--------------------------------------------------------

  CREATE TABLE "SCOTT"."POORPEOPLE" 
   (	"FAMILEYMEM" NUMBER, 
	"LOCATION" VARCHAR2(20 BYTE), 
	"PHONENO" NUMBER, 
	"NAME" VARCHAR2(20 BYTE)
   ) SEGMENT CREATION IMMEDIATE 
  PCTFREE 10 PCTUSED 40 INITRANS 1 MAXTRANS 255 NOCOMPRESS LOGGING
  STORAGE(INITIAL 65536 NEXT 1048576 MINEXTENTS 1 MAXEXTENTS 2147483645
  PCTINCREASE 0 FREELISTS 1 FREELIST GROUPS 1 BUFFER_POOL DEFAULT FLASH_CACHE DEFAULT CELL_FLASH_CACHE DEFAULT)
  TABLESPACE "USERS" ;
--------------------------------------------------------
--  DDL for Table NEEDY_EMP
--------------------------------------------------------

  CREATE TABLE "SCOTT"."NEEDY_EMP" 
   (	"NEEDY_ID" NUMBER, 
	"EMP_ID" NUMBER, 
	"ID" NUMBER
   ) SEGMENT CREATION IMMEDIATE 
  PCTFREE 10 PCTUSED 40 INITRANS 1 MAXTRANS 255 NOCOMPRESS LOGGING
  STORAGE(INITIAL 65536 NEXT 1048576 MINEXTENTS 1 MAXEXTENTS 2147483645
  PCTINCREASE 0 FREELISTS 1 FREELIST GROUPS 1 BUFFER_POOL DEFAULT FLASH_CACHE DEFAULT CELL_FLASH_CACHE DEFAULT)
  TABLESPACE "USERS" ;
--------------------------------------------------------
--  DDL for Table RENTALS
--------------------------------------------------------

  CREATE TABLE "SCOTT"."RENTALS" 
   (	"RENTID" NUMBER(10,0), 
	"MEMBERID" NUMBER(10,0), 
	"COPYID" NUMBER(5,0), 
	"DATERENTED" DATE, 
	"DATEDUEBACK" DATE, 
	"RENTALCOST" NUMBER(5,0), 
	"OVERDUECOST" NUMBER(5,0), 
	"RETURNEDDATE" DATE
   ) SEGMENT CREATION IMMEDIATE 
  PCTFREE 10 PCTUSED 40 INITRANS 1 MAXTRANS 255 NOCOMPRESS LOGGING
  STORAGE(INITIAL 65536 NEXT 1048576 MINEXTENTS 1 MAXEXTENTS 2147483645
  PCTINCREASE 0 FREELISTS 1 FREELIST GROUPS 1 BUFFER_POOL DEFAULT FLASH_CACHE DEFAULT CELL_FLASH_CACHE DEFAULT)
  TABLESPACE "USERS" ;
--------------------------------------------------------
--  DDL for Table SALGRADE
--------------------------------------------------------

  CREATE TABLE "SCOTT"."SALGRADE" 
   (	"GRADE" NUMBER, 
	"LOSAL" NUMBER, 
	"HISAL" NUMBER
   ) SEGMENT CREATION IMMEDIATE 
  PCTFREE 10 PCTUSED 40 INITRANS 1 MAXTRANS 255 NOCOMPRESS LOGGING
  STORAGE(INITIAL 65536 NEXT 1048576 MINEXTENTS 1 MAXEXTENTS 2147483645
  PCTINCREASE 0 FREELISTS 1 FREELIST GROUPS 1 BUFFER_POOL DEFAULT FLASH_CACHE DEFAULT CELL_FLASH_CACHE DEFAULT)
  TABLESPACE "USERS" ;

---------------------------------------------------
--   DATA FOR TABLE BONUS
--   FILTER = none used
---------------------------------------------------
REM INSERTING into SCOTT.BONUS

---------------------------------------------------
--   END DATA FOR TABLE BONUS
---------------------------------------------------

---------------------------------------------------
--   DATA FOR TABLE FILMTITLES
--   FILTER = none used
---------------------------------------------------
REM INSERTING into SCOTT.FILMTITLES
Insert into SCOTT.FILMTITLES (FILMID,FILMTITLE,RELEASEDATE,FILMDURATION,FILMCATEGORYID) values (1,'The Twilight Saga Breaking Dawn',to_timestamp('16-NOV-12 12.00.00.000000000 AM','DD-MON-RR HH.MI.SS.FF AM'),116,1);
Insert into SCOTT.FILMTITLES (FILMID,FILMTITLE,RELEASEDATE,FILMDURATION,FILMCATEGORYID) values (2,'Harry Potter and the Deathly Hallows',to_timestamp('15-JUL-11 12.00.00.000000000 AM','DD-MON-RR HH.MI.SS.FF AM'),130,5);
Insert into SCOTT.FILMTITLES (FILMID,FILMTITLE,RELEASEDATE,FILMDURATION,FILMCATEGORYID) values (3,'The Smurfs',to_timestamp('29-JUL-11 12.00.00.000000000 AM','DD-MON-RR HH.MI.SS.FF AM'),103,4);
Insert into SCOTT.FILMTITLES (FILMID,FILMTITLE,RELEASEDATE,FILMDURATION,FILMCATEGORYID) values (4,'Winnie the Pooh',to_timestamp('15-JUL-11 12.00.00.000000000 AM','DD-MON-RR HH.MI.SS.FF AM'),63,4);
Insert into SCOTT.FILMTITLES (FILMID,FILMTITLE,RELEASEDATE,FILMDURATION,FILMCATEGORYID) values (5,'The Twilight Saga: Eclipse',to_timestamp('30-JUN-10 12.00.00.000000000 AM','DD-MON-RR HH.MI.SS.FF AM'),124,1);
Insert into SCOTT.FILMTITLES (FILMID,FILMTITLE,RELEASEDATE,FILMDURATION,FILMCATEGORYID) values (6,'Toy Story 3',to_timestamp('18-JUN-10 12.00.00.000000000 AM','DD-MON-RR HH.MI.SS.FF AM'),103,4);
Insert into SCOTT.FILMTITLES (FILMID,FILMTITLE,RELEASEDATE,FILMDURATION,FILMCATEGORYID) values (7,'Shrek Forever After',to_timestamp('21-MAY-10 12.00.00.000000000 AM','DD-MON-RR HH.MI.SS.FF AM'),93,4);
Insert into SCOTT.FILMTITLES (FILMID,FILMTITLE,RELEASEDATE,FILMDURATION,FILMCATEGORYID) values (8,'Here Comes the Boom',to_timestamp('12-OCT-12 12.00.00.000000000 AM','DD-MON-RR HH.MI.SS.FF AM'),105,2);
Insert into SCOTT.FILMTITLES (FILMID,FILMTITLE,RELEASEDATE,FILMDURATION,FILMCATEGORYID) values (9,'Interstellar',to_timestamp('07-NOV-14 12.00.00.000000000 AM','DD-MON-RR HH.MI.SS.FF AM'),169,6);
Insert into SCOTT.FILMTITLES (FILMID,FILMTITLE,RELEASEDATE,FILMDURATION,FILMCATEGORYID) values (10,'Gravity',to_timestamp('04-OCT-13 12.00.00.000000000 AM','DD-MON-RR HH.MI.SS.FF AM'),90,6);
Insert into SCOTT.FILMTITLES (FILMID,FILMTITLE,RELEASEDATE,FILMDURATION,FILMCATEGORYID) values (11,'Miss Congeniality',to_timestamp('22-DEC-02 12.00.00.000000000 AM','DD-MON-RR HH.MI.SS.FF AM'),109,2);
Insert into SCOTT.FILMTITLES (FILMID,FILMTITLE,RELEASEDATE,FILMDURATION,FILMCATEGORYID) values (12,'Men in Black 3',to_timestamp('25-MAY-12 12.00.00.000000000 AM','DD-MON-RR HH.MI.SS.FF AM'),107,3);

---------------------------------------------------
--   END DATA FOR TABLE FILMTITLES
---------------------------------------------------

---------------------------------------------------
--   DATA FOR TABLE POORPEOPLE
--   FILTER = none used
---------------------------------------------------
REM INSERTING into SCOTT.POORPEOPLE
Insert into SCOTT.POORPEOPLE (FAMILEYMEM,LOCATION,PHONENO,NAME) values (5,'nasr city',12345,'adham');

---------------------------------------------------
--   END DATA FOR TABLE POORPEOPLE
---------------------------------------------------

---------------------------------------------------
--   DATA FOR TABLE CHARITY_EMP
--   FILTER = none used
---------------------------------------------------
REM INSERTING into SCOTT.CHARITY_EMP
Insert into SCOTT.CHARITY_EMP (ID,NAME,EMPPHONE,STATUS) values (20,'ahmed',8987,'busy');
Insert into SCOTT.CHARITY_EMP (ID,NAME,EMPPHONE,STATUS) values (13,'omar',1234,'free');
Insert into SCOTT.CHARITY_EMP (ID,NAME,EMPPHONE,STATUS) values (15,'yousef',5648,'busy');

---------------------------------------------------
--   END DATA FOR TABLE CHARITY_EMP
---------------------------------------------------

---------------------------------------------------
--   DATA FOR TABLE MEMBERS
--   FILTER = none used
---------------------------------------------------
REM INSERTING into SCOTT.MEMBERS
Insert into SCOTT.MEMBERS (MEMBERID,MEMNAME,JOINDATE,DOB,PHONE) values (1,'ahmed',to_timestamp('13-JAN-19 12.00.00.000000000 AM','DD-MON-RR HH.MI.SS.FF AM'),to_timestamp('21-AUG-99 12.00.00.000000000 AM','DD-MON-RR HH.MI.SS.FF AM'),12345);
Insert into SCOTT.MEMBERS (MEMBERID,MEMNAME,JOINDATE,DOB,PHONE) values (2,'alaa',to_timestamp('16-OCT-20 12.00.00.000000000 AM','DD-MON-RR HH.MI.SS.FF AM'),to_timestamp('05-JUN-20 12.00.00.000000000 AM','DD-MON-RR HH.MI.SS.FF AM'),56433);

---------------------------------------------------
--   END DATA FOR TABLE MEMBERS
---------------------------------------------------

---------------------------------------------------
--   DATA FOR TABLE FILMCOPIES
--   FILTER = none used
---------------------------------------------------
REM INSERTING into SCOTT.FILMCOPIES
Insert into SCOTT.FILMCOPIES (COPYID,FILMID,CURRENTLYRENTED) values (1,1,'n');
Insert into SCOTT.FILMCOPIES (COPYID,FILMID,CURRENTLYRENTED) values (2,1,'n');
Insert into SCOTT.FILMCOPIES (COPYID,FILMID,CURRENTLYRENTED) values (3,1,'n');
Insert into SCOTT.FILMCOPIES (COPYID,FILMID,CURRENTLYRENTED) values (4,1,'n');
Insert into SCOTT.FILMCOPIES (COPYID,FILMID,CURRENTLYRENTED) values (5,2,'n');
Insert into SCOTT.FILMCOPIES (COPYID,FILMID,CURRENTLYRENTED) values (6,2,'n');
Insert into SCOTT.FILMCOPIES (COPYID,FILMID,CURRENTLYRENTED) values (7,2,'n');
Insert into SCOTT.FILMCOPIES (COPYID,FILMID,CURRENTLYRENTED) values (8,2,'n');
Insert into SCOTT.FILMCOPIES (COPYID,FILMID,CURRENTLYRENTED) values (9,2,'n');
Insert into SCOTT.FILMCOPIES (COPYID,FILMID,CURRENTLYRENTED) values (10,3,'n');
Insert into SCOTT.FILMCOPIES (COPYID,FILMID,CURRENTLYRENTED) values (11,3,'n');
Insert into SCOTT.FILMCOPIES (COPYID,FILMID,CURRENTLYRENTED) values (12,3,'n');
Insert into SCOTT.FILMCOPIES (COPYID,FILMID,CURRENTLYRENTED) values (13,3,'n');
Insert into SCOTT.FILMCOPIES (COPYID,FILMID,CURRENTLYRENTED) values (14,3,'n');
Insert into SCOTT.FILMCOPIES (COPYID,FILMID,CURRENTLYRENTED) values (15,3,'n');

---------------------------------------------------
--   END DATA FOR TABLE FILMCOPIES
---------------------------------------------------

---------------------------------------------------
--   DATA FOR TABLE FILMCATEGORY
--   FILTER = none used
---------------------------------------------------
REM INSERTING into SCOTT.FILMCATEGORY
Insert into SCOTT.FILMCATEGORY (CATEGORYID,CATEGORYNAME) values (1,'Adventure');
Insert into SCOTT.FILMCATEGORY (CATEGORYID,CATEGORYNAME) values (2,'Comedy');
Insert into SCOTT.FILMCATEGORY (CATEGORYID,CATEGORYNAME) values (3,'Action');
Insert into SCOTT.FILMCATEGORY (CATEGORYID,CATEGORYNAME) values (4,'Animation');
Insert into SCOTT.FILMCATEGORY (CATEGORYID,CATEGORYNAME) values (5,'Fantasy');
Insert into SCOTT.FILMCATEGORY (CATEGORYID,CATEGORYNAME) values (6,'Sci-Fi');

---------------------------------------------------
--   END DATA FOR TABLE FILMCATEGORY
---------------------------------------------------

---------------------------------------------------
--   DATA FOR TABLE FILMACTORS
--   FILTER = none used
---------------------------------------------------
REM INSERTING into SCOTT.FILMACTORS
Insert into SCOTT.FILMACTORS (FILMID,ACTORID) values (1,1);
Insert into SCOTT.FILMACTORS (FILMID,ACTORID) values (1,2);
Insert into SCOTT.FILMACTORS (FILMID,ACTORID) values (1,3);
Insert into SCOTT.FILMACTORS (FILMID,ACTORID) values (2,4);
Insert into SCOTT.FILMACTORS (FILMID,ACTORID) values (2,5);
Insert into SCOTT.FILMACTORS (FILMID,ACTORID) values (2,6);
Insert into SCOTT.FILMACTORS (FILMID,ACTORID) values (3,7);
Insert into SCOTT.FILMACTORS (FILMID,ACTORID) values (3,8);
Insert into SCOTT.FILMACTORS (FILMID,ACTORID) values (3,9);
Insert into SCOTT.FILMACTORS (FILMID,ACTORID) values (3,10);
Insert into SCOTT.FILMACTORS (FILMID,ACTORID) values (4,11);
Insert into SCOTT.FILMACTORS (FILMID,ACTORID) values (4,12);
Insert into SCOTT.FILMACTORS (FILMID,ACTORID) values (4,13);
Insert into SCOTT.FILMACTORS (FILMID,ACTORID) values (5,1);
Insert into SCOTT.FILMACTORS (FILMID,ACTORID) values (5,2);
Insert into SCOTT.FILMACTORS (FILMID,ACTORID) values (5,3);
Insert into SCOTT.FILMACTORS (FILMID,ACTORID) values (6,14);
Insert into SCOTT.FILMACTORS (FILMID,ACTORID) values (6,15);
Insert into SCOTT.FILMACTORS (FILMID,ACTORID) values (6,16);
Insert into SCOTT.FILMACTORS (FILMID,ACTORID) values (7,17);
Insert into SCOTT.FILMACTORS (FILMID,ACTORID) values (7,18);
Insert into SCOTT.FILMACTORS (FILMID,ACTORID) values (7,19);
Insert into SCOTT.FILMACTORS (FILMID,ACTORID) values (8,20);
Insert into SCOTT.FILMACTORS (FILMID,ACTORID) values (8,21);
Insert into SCOTT.FILMACTORS (FILMID,ACTORID) values (8,22);
Insert into SCOTT.FILMACTORS (FILMID,ACTORID) values (9,23);
Insert into SCOTT.FILMACTORS (FILMID,ACTORID) values (9,24);
Insert into SCOTT.FILMACTORS (FILMID,ACTORID) values (9,25);
Insert into SCOTT.FILMACTORS (FILMID,ACTORID) values (10,26);
Insert into SCOTT.FILMACTORS (FILMID,ACTORID) values (10,27);
Insert into SCOTT.FILMACTORS (FILMID,ACTORID) values (11,26);
Insert into SCOTT.FILMACTORS (FILMID,ACTORID) values (12,27);
Insert into SCOTT.FILMACTORS (FILMID,ACTORID) values (12,28);

---------------------------------------------------
--   END DATA FOR TABLE FILMACTORS
---------------------------------------------------

---------------------------------------------------
--   DATA FOR TABLE SALGRADE
--   FILTER = none used
---------------------------------------------------
REM INSERTING into SCOTT.SALGRADE
Insert into SCOTT.SALGRADE (GRADE,LOSAL,HISAL) values (1,700,1200);
Insert into SCOTT.SALGRADE (GRADE,LOSAL,HISAL) values (2,1201,1400);
Insert into SCOTT.SALGRADE (GRADE,LOSAL,HISAL) values (3,1401,2000);
Insert into SCOTT.SALGRADE (GRADE,LOSAL,HISAL) values (4,2001,3000);
Insert into SCOTT.SALGRADE (GRADE,LOSAL,HISAL) values (5,3001,9999);

---------------------------------------------------
--   END DATA FOR TABLE SALGRADE
---------------------------------------------------

---------------------------------------------------
--   DATA FOR TABLE NEEDY_EMP
--   FILTER = none used
---------------------------------------------------
REM INSERTING into SCOTT.NEEDY_EMP
Insert into SCOTT.NEEDY_EMP (NEEDY_ID,EMP_ID,ID) values (12345,13,17);
Insert into SCOTT.NEEDY_EMP (NEEDY_ID,EMP_ID,ID) values (12345,20,1);

---------------------------------------------------
--   END DATA FOR TABLE NEEDY_EMP
---------------------------------------------------

---------------------------------------------------
--   DATA FOR TABLE DONATION
--   FILTER = none used
---------------------------------------------------
REM INSERTING into SCOTT.DONATION
Insert into SCOTT.DONATION (EMP_ID,TYPE,AMOUNT,DONATOR_ID,NEEDYPERSON_ID,ID) values (20,'clothes',44,1234,12345,11);
Insert into SCOTT.DONATION (EMP_ID,TYPE,AMOUNT,DONATOR_ID,NEEDYPERSON_ID,ID) values (13,'money',1000,12345,12345,12);

---------------------------------------------------
--   END DATA FOR TABLE DONATION
---------------------------------------------------

---------------------------------------------------
--   DATA FOR TABLE DEPT
--   FILTER = none used
---------------------------------------------------
REM INSERTING into SCOTT.DEPT
Insert into SCOTT.DEPT (DEPTNO,DNAME,LOC) values (10,'ACCOUNTING','NEW YORK');
Insert into SCOTT.DEPT (DEPTNO,DNAME,LOC) values (20,'RESEARCH','DALLAS');
Insert into SCOTT.DEPT (DEPTNO,DNAME,LOC) values (30,'SALES','CHICAGO');
Insert into SCOTT.DEPT (DEPTNO,DNAME,LOC) values (40,'OPERATIONS','BOSTON');

---------------------------------------------------
--   END DATA FOR TABLE DEPT
---------------------------------------------------

---------------------------------------------------
--   DATA FOR TABLE RENTALS
--   FILTER = none used
---------------------------------------------------
REM INSERTING into SCOTT.RENTALS
Insert into SCOTT.RENTALS (RENTID,MEMBERID,COPYID,DATERENTED,DATEDUEBACK,RENTALCOST,OVERDUECOST,RETURNEDDATE) values (20,1,30,to_timestamp('21-MAY-21 12.00.00.000000000 AM','DD-MON-RR HH.MI.SS.FF AM'),to_timestamp('24-MAY-21 12.00.00.000000000 AM','DD-MON-RR HH.MI.SS.FF AM'),10,10,null);
Insert into SCOTT.RENTALS (RENTID,MEMBERID,COPYID,DATERENTED,DATEDUEBACK,RENTALCOST,OVERDUECOST,RETURNEDDATE) values (21,1,31,to_timestamp('21-MAY-21 12.00.00.000000000 AM','DD-MON-RR HH.MI.SS.FF AM'),to_timestamp('24-MAY-21 12.00.00.000000000 AM','DD-MON-RR HH.MI.SS.FF AM'),15,20,null);
Insert into SCOTT.RENTALS (RENTID,MEMBERID,COPYID,DATERENTED,DATEDUEBACK,RENTALCOST,OVERDUECOST,RETURNEDDATE) values (22,1,32,to_timestamp('21-MAY-21 12.00.00.000000000 AM','DD-MON-RR HH.MI.SS.FF AM'),to_timestamp('24-MAY-21 12.00.00.000000000 AM','DD-MON-RR HH.MI.SS.FF AM'),15,50,null);

---------------------------------------------------
--   END DATA FOR TABLE RENTALS
---------------------------------------------------

---------------------------------------------------
--   DATA FOR TABLE DONATOR
--   FILTER = none used
---------------------------------------------------
REM INSERTING into SCOTT.DONATOR
Insert into SCOTT.DONATOR (NAME,PHONENO,LOCATION) values ('ahmed',1234,'nasr city');
Insert into SCOTT.DONATOR (NAME,PHONENO,LOCATION) values ('alaa',12345,'zahraa');

---------------------------------------------------
--   END DATA FOR TABLE DONATOR
---------------------------------------------------

---------------------------------------------------
--   DATA FOR TABLE ACTORS
--   FILTER = none used
---------------------------------------------------
REM INSERTING into SCOTT.ACTORS
Insert into SCOTT.ACTORS (ACTORID,ACTORNAME,GENDER) values (1,'Kristen Stewart','F');
Insert into SCOTT.ACTORS (ACTORID,ACTORNAME,GENDER) values (2,'Robert Pattinson','M');
Insert into SCOTT.ACTORS (ACTORID,ACTORNAME,GENDER) values (3,'Taylor Lautner','M');
Insert into SCOTT.ACTORS (ACTORID,ACTORNAME,GENDER) values (4,'Rupert Grint','M');
Insert into SCOTT.ACTORS (ACTORID,ACTORNAME,GENDER) values (5,'Daniel Radcliffe','M');
Insert into SCOTT.ACTORS (ACTORID,ACTORNAME,GENDER) values (6,'Ralph Fiennes','M');
Insert into SCOTT.ACTORS (ACTORID,ACTORNAME,GENDER) values (7,'Hank Azaria','M');
Insert into SCOTT.ACTORS (ACTORID,ACTORNAME,GENDER) values (8,'Neil Patrick Harris','M');
Insert into SCOTT.ACTORS (ACTORID,ACTORNAME,GENDER) values (9,'Jayma Mays','F');
Insert into SCOTT.ACTORS (ACTORID,ACTORNAME,GENDER) values (10,'Sofia Vergara','F');
Insert into SCOTT.ACTORS (ACTORID,ACTORNAME,GENDER) values (11,'John Cleese','M');
Insert into SCOTT.ACTORS (ACTORID,ACTORNAME,GENDER) values (12,'Jim Cummings','M');
Insert into SCOTT.ACTORS (ACTORID,ACTORNAME,GENDER) values (13,'Bud Luckey','M');
Insert into SCOTT.ACTORS (ACTORID,ACTORNAME,GENDER) values (14,'Tom Hanks','M');
Insert into SCOTT.ACTORS (ACTORID,ACTORNAME,GENDER) values (15,'Tim Allen','M');
Insert into SCOTT.ACTORS (ACTORID,ACTORNAME,GENDER) values (16,'Joan Cusack','F');
Insert into SCOTT.ACTORS (ACTORID,ACTORNAME,GENDER) values (17,'Mike Myers','M');
Insert into SCOTT.ACTORS (ACTORID,ACTORNAME,GENDER) values (18,'Eddie Murphy','M');
Insert into SCOTT.ACTORS (ACTORID,ACTORNAME,GENDER) values (19,'Cameron Diaz','F');
Insert into SCOTT.ACTORS (ACTORID,ACTORNAME,GENDER) values (20,'Kevin James','M');
Insert into SCOTT.ACTORS (ACTORID,ACTORNAME,GENDER) values (21,'Salma Hayek','F');
Insert into SCOTT.ACTORS (ACTORID,ACTORNAME,GENDER) values (22,'Henry Winkler','M');
Insert into SCOTT.ACTORS (ACTORID,ACTORNAME,GENDER) values (23,'Matthew McConaughey','M');
Insert into SCOTT.ACTORS (ACTORID,ACTORNAME,GENDER) values (24,'Anne Hathaway','F');
Insert into SCOTT.ACTORS (ACTORID,ACTORNAME,GENDER) values (25,'Jessica Chastain','F');
Insert into SCOTT.ACTORS (ACTORID,ACTORNAME,GENDER) values (26,'Sandra Bullock','F');
Insert into SCOTT.ACTORS (ACTORID,ACTORNAME,GENDER) values (27,'George Clooney','M');
Insert into SCOTT.ACTORS (ACTORID,ACTORNAME,GENDER) values (28,'Will Smith','M');
Insert into SCOTT.ACTORS (ACTORID,ACTORNAME,GENDER) values (29,'Tommy Lee Jones','M');

---------------------------------------------------
--   END DATA FOR TABLE ACTORS
---------------------------------------------------

---------------------------------------------------
--   DATA FOR TABLE EMP
--   FILTER = none used
---------------------------------------------------
REM INSERTING into SCOTT.EMP
Insert into SCOTT.EMP (EMPNO,ENAME,JOB,MGR,HIREDATE,SAL,COMM,DEPTNO,SKILLS,GENDER) values (55,'menna',null,null,to_timestamp('11-DEC-00 12.00.00.000000000 AM','DD-MON-RR HH.MI.SS.FF AM'),500,null,null,null,null);
Insert into SCOTT.EMP (EMPNO,ENAME,JOB,MGR,HIREDATE,SAL,COMM,DEPTNO,SKILLS,GENDER) values (100,null,'TA',null,null,null,null,null,'yes','F');
Insert into SCOTT.EMP (EMPNO,ENAME,JOB,MGR,HIREDATE,SAL,COMM,DEPTNO,SKILLS,GENDER) values (7369,'SMITH','CLERK',7902,to_timestamp('17-DEC-80 12.00.00.000000000 AM','DD-MON-RR HH.MI.SS.FF AM'),800,null,null,null,null);
Insert into SCOTT.EMP (EMPNO,ENAME,JOB,MGR,HIREDATE,SAL,COMM,DEPTNO,SKILLS,GENDER) values (7499,'ALLEN','SALESMAN',7698,to_timestamp('20-FEB-81 12.00.00.000000000 AM','DD-MON-RR HH.MI.SS.FF AM'),1600,300,30,null,null);
Insert into SCOTT.EMP (EMPNO,ENAME,JOB,MGR,HIREDATE,SAL,COMM,DEPTNO,SKILLS,GENDER) values (7521,'WARD','SALESMAN',7698,to_timestamp('22-FEB-81 12.00.00.000000000 AM','DD-MON-RR HH.MI.SS.FF AM'),1250,500,30,null,null);
Insert into SCOTT.EMP (EMPNO,ENAME,JOB,MGR,HIREDATE,SAL,COMM,DEPTNO,SKILLS,GENDER) values (7566,'JONES','MANAGER',7839,to_timestamp('02-APR-81 12.00.00.000000000 AM','DD-MON-RR HH.MI.SS.FF AM'),2975,null,20,null,null);
Insert into SCOTT.EMP (EMPNO,ENAME,JOB,MGR,HIREDATE,SAL,COMM,DEPTNO,SKILLS,GENDER) values (7654,'MARTIN','SALESMAN',7698,to_timestamp('28-SEP-81 12.00.00.000000000 AM','DD-MON-RR HH.MI.SS.FF AM'),1250,1400,30,null,null);
Insert into SCOTT.EMP (EMPNO,ENAME,JOB,MGR,HIREDATE,SAL,COMM,DEPTNO,SKILLS,GENDER) values (7698,'BLAKE','MANAGER',7839,to_timestamp('01-MAY-81 12.00.00.000000000 AM','DD-MON-RR HH.MI.SS.FF AM'),2850,null,30,null,null);
Insert into SCOTT.EMP (EMPNO,ENAME,JOB,MGR,HIREDATE,SAL,COMM,DEPTNO,SKILLS,GENDER) values (7782,'CLARK','MANAGER',7839,to_timestamp('09-JUN-81 12.00.00.000000000 AM','DD-MON-RR HH.MI.SS.FF AM'),2450,null,10,null,null);
Insert into SCOTT.EMP (EMPNO,ENAME,JOB,MGR,HIREDATE,SAL,COMM,DEPTNO,SKILLS,GENDER) values (7788,'SCOTT','ANALYST',7566,to_timestamp('19-APR-87 12.00.00.000000000 AM','DD-MON-RR HH.MI.SS.FF AM'),3000,null,20,'YES','M');
Insert into SCOTT.EMP (EMPNO,ENAME,JOB,MGR,HIREDATE,SAL,COMM,DEPTNO,SKILLS,GENDER) values (7839,'KING','PRESIDENT',null,to_timestamp('17-NOV-81 12.00.00.000000000 AM','DD-MON-RR HH.MI.SS.FF AM'),5000,null,10,'YES','M');
Insert into SCOTT.EMP (EMPNO,ENAME,JOB,MGR,HIREDATE,SAL,COMM,DEPTNO,SKILLS,GENDER) values (7844,'TURNER','SALESMAN',7698,to_timestamp('08-SEP-81 12.00.00.000000000 AM','DD-MON-RR HH.MI.SS.FF AM'),1500,0,30,'NO ','F');
Insert into SCOTT.EMP (EMPNO,ENAME,JOB,MGR,HIREDATE,SAL,COMM,DEPTNO,SKILLS,GENDER) values (7876,'ADAMS','CLERK',7788,to_timestamp('23-MAY-87 12.00.00.000000000 AM','DD-MON-RR HH.MI.SS.FF AM'),1100,null,20,'NO ','F');
Insert into SCOTT.EMP (EMPNO,ENAME,JOB,MGR,HIREDATE,SAL,COMM,DEPTNO,SKILLS,GENDER) values (7900,'JAMES','CLERK',7698,to_timestamp('03-DEC-81 12.00.00.000000000 AM','DD-MON-RR HH.MI.SS.FF AM'),950,null,30,null,null);
Insert into SCOTT.EMP (EMPNO,ENAME,JOB,MGR,HIREDATE,SAL,COMM,DEPTNO,SKILLS,GENDER) values (7902,'FORD','ANALYST',7566,to_timestamp('03-DEC-81 12.00.00.000000000 AM','DD-MON-RR HH.MI.SS.FF AM'),3000,null,20,null,null);
Insert into SCOTT.EMP (EMPNO,ENAME,JOB,MGR,HIREDATE,SAL,COMM,DEPTNO,SKILLS,GENDER) values (7934,'MILLER','CLERK',7782,to_timestamp('23-JAN-82 12.00.00.000000000 AM','DD-MON-RR HH.MI.SS.FF AM'),1300,null,10,null,null);

---------------------------------------------------
--   END DATA FOR TABLE EMP
---------------------------------------------------
--------------------------------------------------------
--  Constraints for Table ACTORS
--------------------------------------------------------

  ALTER TABLE "SCOTT"."ACTORS" MODIFY ("ACTORNAME" NOT NULL ENABLE);
 
  ALTER TABLE "SCOTT"."ACTORS" ADD PRIMARY KEY ("ACTORID")
  USING INDEX PCTFREE 10 INITRANS 2 MAXTRANS 255 COMPUTE STATISTICS 
  STORAGE(INITIAL 65536 NEXT 1048576 MINEXTENTS 1 MAXEXTENTS 2147483645
  PCTINCREASE 0 FREELISTS 1 FREELIST GROUPS 1 BUFFER_POOL DEFAULT FLASH_CACHE DEFAULT CELL_FLASH_CACHE DEFAULT)
  TABLESPACE "USERS"  ENABLE;

--------------------------------------------------------
--  Constraints for Table CHARITY_EMP
--------------------------------------------------------

  ALTER TABLE "SCOTT"."CHARITY_EMP" ADD CONSTRAINT "CHARITY_EMP_PK" PRIMARY KEY ("ID")
  USING INDEX PCTFREE 10 INITRANS 2 MAXTRANS 255 COMPUTE STATISTICS 
  STORAGE(INITIAL 65536 NEXT 1048576 MINEXTENTS 1 MAXEXTENTS 2147483645
  PCTINCREASE 0 FREELISTS 1 FREELIST GROUPS 1 BUFFER_POOL DEFAULT FLASH_CACHE DEFAULT CELL_FLASH_CACHE DEFAULT)
  TABLESPACE "USERS"  ENABLE;
 
  ALTER TABLE "SCOTT"."CHARITY_EMP" MODIFY ("ID" NOT NULL ENABLE);
--------------------------------------------------------
--  Constraints for Table DEPT
--------------------------------------------------------

  ALTER TABLE "SCOTT"."DEPT" ADD CONSTRAINT "PK_DEPT" PRIMARY KEY ("DEPTNO")
  USING INDEX PCTFREE 10 INITRANS 2 MAXTRANS 255 COMPUTE STATISTICS 
  STORAGE(INITIAL 65536 NEXT 1048576 MINEXTENTS 1 MAXEXTENTS 2147483645
  PCTINCREASE 0 FREELISTS 1 FREELIST GROUPS 1 BUFFER_POOL DEFAULT FLASH_CACHE DEFAULT CELL_FLASH_CACHE DEFAULT)
  TABLESPACE "USERS"  ENABLE;
--------------------------------------------------------
--  Constraints for Table DONATION
--------------------------------------------------------

  ALTER TABLE "SCOTT"."DONATION" ADD CONSTRAINT "DONAITON_PK" PRIMARY KEY ("ID")
  USING INDEX PCTFREE 10 INITRANS 2 MAXTRANS 255 COMPUTE STATISTICS 
  STORAGE(INITIAL 65536 NEXT 1048576 MINEXTENTS 1 MAXEXTENTS 2147483645
  PCTINCREASE 0 FREELISTS 1 FREELIST GROUPS 1 BUFFER_POOL DEFAULT FLASH_CACHE DEFAULT CELL_FLASH_CACHE DEFAULT)
  TABLESPACE "USERS"  ENABLE;
 
  ALTER TABLE "SCOTT"."DONATION" MODIFY ("ID" NOT NULL ENABLE);
--------------------------------------------------------
--  Constraints for Table DONATOR
--------------------------------------------------------

  ALTER TABLE "SCOTT"."DONATOR" ADD CONSTRAINT "DONATOR_PK" PRIMARY KEY ("PHONENO")
  USING INDEX PCTFREE 10 INITRANS 2 MAXTRANS 255 COMPUTE STATISTICS 
  STORAGE(INITIAL 65536 NEXT 1048576 MINEXTENTS 1 MAXEXTENTS 2147483645
  PCTINCREASE 0 FREELISTS 1 FREELIST GROUPS 1 BUFFER_POOL DEFAULT FLASH_CACHE DEFAULT CELL_FLASH_CACHE DEFAULT)
  TABLESPACE "USERS"  ENABLE;
 
  ALTER TABLE "SCOTT"."DONATOR" MODIFY ("PHONENO" NOT NULL ENABLE);
--------------------------------------------------------
--  Constraints for Table EMP
--------------------------------------------------------

  ALTER TABLE "SCOTT"."EMP" ADD CONSTRAINT "PK_EMP" PRIMARY KEY ("EMPNO")
  USING INDEX PCTFREE 10 INITRANS 2 MAXTRANS 255 COMPUTE STATISTICS 
  STORAGE(INITIAL 65536 NEXT 1048576 MINEXTENTS 1 MAXEXTENTS 2147483645
  PCTINCREASE 0 FREELISTS 1 FREELIST GROUPS 1 BUFFER_POOL DEFAULT FLASH_CACHE DEFAULT CELL_FLASH_CACHE DEFAULT)
  TABLESPACE "USERS"  ENABLE;
--------------------------------------------------------
--  Constraints for Table FILMACTORS
--------------------------------------------------------

  ALTER TABLE "SCOTT"."FILMACTORS" ADD CONSTRAINT "FLM_ACT_PK" PRIMARY KEY ("FILMID", "ACTORID")
  USING INDEX PCTFREE 10 INITRANS 2 MAXTRANS 255 COMPUTE STATISTICS 
  STORAGE(INITIAL 65536 NEXT 1048576 MINEXTENTS 1 MAXEXTENTS 2147483645
  PCTINCREASE 0 FREELISTS 1 FREELIST GROUPS 1 BUFFER_POOL DEFAULT FLASH_CACHE DEFAULT CELL_FLASH_CACHE DEFAULT)
  TABLESPACE "USERS"  ENABLE;
--------------------------------------------------------
--  Constraints for Table FILMCATEGORY
--------------------------------------------------------

  ALTER TABLE "SCOTT"."FILMCATEGORY" ADD PRIMARY KEY ("CATEGORYID")
  USING INDEX PCTFREE 10 INITRANS 2 MAXTRANS 255 COMPUTE STATISTICS 
  STORAGE(INITIAL 65536 NEXT 1048576 MINEXTENTS 1 MAXEXTENTS 2147483645
  PCTINCREASE 0 FREELISTS 1 FREELIST GROUPS 1 BUFFER_POOL DEFAULT FLASH_CACHE DEFAULT CELL_FLASH_CACHE DEFAULT)
  TABLESPACE "USERS"  ENABLE;
--------------------------------------------------------
--  Constraints for Table FILMCOPIES
--------------------------------------------------------

  ALTER TABLE "SCOTT"."FILMCOPIES" ADD PRIMARY KEY ("COPYID")
  USING INDEX PCTFREE 10 INITRANS 2 MAXTRANS 255 COMPUTE STATISTICS 
  STORAGE(INITIAL 65536 NEXT 1048576 MINEXTENTS 1 MAXEXTENTS 2147483645
  PCTINCREASE 0 FREELISTS 1 FREELIST GROUPS 1 BUFFER_POOL DEFAULT FLASH_CACHE DEFAULT CELL_FLASH_CACHE DEFAULT)
  TABLESPACE "USERS"  ENABLE;
--------------------------------------------------------
--  Constraints for Table FILMTITLES
--------------------------------------------------------

  ALTER TABLE "SCOTT"."FILMTITLES" ADD PRIMARY KEY ("FILMID")
  USING INDEX PCTFREE 10 INITRANS 2 MAXTRANS 255 COMPUTE STATISTICS 
  STORAGE(INITIAL 65536 NEXT 1048576 MINEXTENTS 1 MAXEXTENTS 2147483645
  PCTINCREASE 0 FREELISTS 1 FREELIST GROUPS 1 BUFFER_POOL DEFAULT FLASH_CACHE DEFAULT CELL_FLASH_CACHE DEFAULT)
  TABLESPACE "USERS"  ENABLE;
--------------------------------------------------------
--  Constraints for Table MEMBERS
--------------------------------------------------------

  ALTER TABLE "SCOTT"."MEMBERS" MODIFY ("MEMNAME" NOT NULL ENABLE);
 
  ALTER TABLE "SCOTT"."MEMBERS" ADD PRIMARY KEY ("MEMBERID")
  USING INDEX PCTFREE 10 INITRANS 2 MAXTRANS 255 COMPUTE STATISTICS 
  STORAGE(INITIAL 65536 NEXT 1048576 MINEXTENTS 1 MAXEXTENTS 2147483645
  PCTINCREASE 0 FREELISTS 1 FREELIST GROUPS 1 BUFFER_POOL DEFAULT FLASH_CACHE DEFAULT CELL_FLASH_CACHE DEFAULT)
  TABLESPACE "USERS"  ENABLE;
--------------------------------------------------------
--  Constraints for Table NEEDY_EMP
--------------------------------------------------------

  ALTER TABLE "SCOTT"."NEEDY_EMP" ADD CONSTRAINT "NEEDY_EMP_PK" PRIMARY KEY ("ID")
  USING INDEX PCTFREE 10 INITRANS 2 MAXTRANS 255 COMPUTE STATISTICS 
  STORAGE(INITIAL 65536 NEXT 1048576 MINEXTENTS 1 MAXEXTENTS 2147483645
  PCTINCREASE 0 FREELISTS 1 FREELIST GROUPS 1 BUFFER_POOL DEFAULT FLASH_CACHE DEFAULT CELL_FLASH_CACHE DEFAULT)
  TABLESPACE "USERS"  ENABLE;
 
  ALTER TABLE "SCOTT"."NEEDY_EMP" MODIFY ("ID" NOT NULL ENABLE);
--------------------------------------------------------
--  Constraints for Table POORPEOPLE
--------------------------------------------------------

  ALTER TABLE "SCOTT"."POORPEOPLE" ADD CONSTRAINT "POORPEOPLE_PK" PRIMARY KEY ("PHONENO")
  USING INDEX PCTFREE 10 INITRANS 2 MAXTRANS 255 COMPUTE STATISTICS 
  STORAGE(INITIAL 65536 NEXT 1048576 MINEXTENTS 1 MAXEXTENTS 2147483645
  PCTINCREASE 0 FREELISTS 1 FREELIST GROUPS 1 BUFFER_POOL DEFAULT FLASH_CACHE DEFAULT CELL_FLASH_CACHE DEFAULT)
  TABLESPACE "USERS"  ENABLE;
--------------------------------------------------------
--  Constraints for Table RENTALS
--------------------------------------------------------

  ALTER TABLE "SCOTT"."RENTALS" ADD PRIMARY KEY ("RENTID")
  USING INDEX PCTFREE 10 INITRANS 2 MAXTRANS 255 COMPUTE STATISTICS 
  STORAGE(INITIAL 65536 NEXT 1048576 MINEXTENTS 1 MAXEXTENTS 2147483645
  PCTINCREASE 0 FREELISTS 1 FREELIST GROUPS 1 BUFFER_POOL DEFAULT FLASH_CACHE DEFAULT CELL_FLASH_CACHE DEFAULT)
  TABLESPACE "USERS"  ENABLE;

--------------------------------------------------------
--  DDL for Index CHARITY_EMP_PK
--------------------------------------------------------

  CREATE UNIQUE INDEX "SCOTT"."CHARITY_EMP_PK" ON "SCOTT"."CHARITY_EMP" ("ID") 
  PCTFREE 10 INITRANS 2 MAXTRANS 255 COMPUTE STATISTICS 
  STORAGE(INITIAL 65536 NEXT 1048576 MINEXTENTS 1 MAXEXTENTS 2147483645
  PCTINCREASE 0 FREELISTS 1 FREELIST GROUPS 1 BUFFER_POOL DEFAULT FLASH_CACHE DEFAULT CELL_FLASH_CACHE DEFAULT)
  TABLESPACE "USERS" ;
--------------------------------------------------------
--  DDL for Index DONAITON_PK
--------------------------------------------------------

  CREATE UNIQUE INDEX "SCOTT"."DONAITON_PK" ON "SCOTT"."DONATION" ("ID") 
  PCTFREE 10 INITRANS 2 MAXTRANS 255 COMPUTE STATISTICS 
  STORAGE(INITIAL 65536 NEXT 1048576 MINEXTENTS 1 MAXEXTENTS 2147483645
  PCTINCREASE 0 FREELISTS 1 FREELIST GROUPS 1 BUFFER_POOL DEFAULT FLASH_CACHE DEFAULT CELL_FLASH_CACHE DEFAULT)
  TABLESPACE "USERS" ;
--------------------------------------------------------
--  DDL for Index DONATOR_PK
--------------------------------------------------------

  CREATE UNIQUE INDEX "SCOTT"."DONATOR_PK" ON "SCOTT"."DONATOR" ("PHONENO") 
  PCTFREE 10 INITRANS 2 MAXTRANS 255 COMPUTE STATISTICS 
  STORAGE(INITIAL 65536 NEXT 1048576 MINEXTENTS 1 MAXEXTENTS 2147483645
  PCTINCREASE 0 FREELISTS 1 FREELIST GROUPS 1 BUFFER_POOL DEFAULT FLASH_CACHE DEFAULT CELL_FLASH_CACHE DEFAULT)
  TABLESPACE "USERS" ;
--------------------------------------------------------
--  DDL for Index FLM_ACT_PK
--------------------------------------------------------

  CREATE UNIQUE INDEX "SCOTT"."FLM_ACT_PK" ON "SCOTT"."FILMACTORS" ("FILMID", "ACTORID") 
  PCTFREE 10 INITRANS 2 MAXTRANS 255 COMPUTE STATISTICS 
  STORAGE(INITIAL 65536 NEXT 1048576 MINEXTENTS 1 MAXEXTENTS 2147483645
  PCTINCREASE 0 FREELISTS 1 FREELIST GROUPS 1 BUFFER_POOL DEFAULT FLASH_CACHE DEFAULT CELL_FLASH_CACHE DEFAULT)
  TABLESPACE "USERS" ;
--------------------------------------------------------
--  DDL for Index NEEDY_EMP_PK
--------------------------------------------------------

  CREATE UNIQUE INDEX "SCOTT"."NEEDY_EMP_PK" ON "SCOTT"."NEEDY_EMP" ("ID") 
  PCTFREE 10 INITRANS 2 MAXTRANS 255 COMPUTE STATISTICS 
  STORAGE(INITIAL 65536 NEXT 1048576 MINEXTENTS 1 MAXEXTENTS 2147483645
  PCTINCREASE 0 FREELISTS 1 FREELIST GROUPS 1 BUFFER_POOL DEFAULT FLASH_CACHE DEFAULT CELL_FLASH_CACHE DEFAULT)
  TABLESPACE "USERS" ;
--------------------------------------------------------
--  DDL for Index PK_DEPT
--------------------------------------------------------

  CREATE UNIQUE INDEX "SCOTT"."PK_DEPT" ON "SCOTT"."DEPT" ("DEPTNO") 
  PCTFREE 10 INITRANS 2 MAXTRANS 255 COMPUTE STATISTICS 
  STORAGE(INITIAL 65536 NEXT 1048576 MINEXTENTS 1 MAXEXTENTS 2147483645
  PCTINCREASE 0 FREELISTS 1 FREELIST GROUPS 1 BUFFER_POOL DEFAULT FLASH_CACHE DEFAULT CELL_FLASH_CACHE DEFAULT)
  TABLESPACE "USERS" ;
--------------------------------------------------------
--  DDL for Index PK_EMP
--------------------------------------------------------

  CREATE UNIQUE INDEX "SCOTT"."PK_EMP" ON "SCOTT"."EMP" ("EMPNO") 
  PCTFREE 10 INITRANS 2 MAXTRANS 255 COMPUTE STATISTICS 
  STORAGE(INITIAL 65536 NEXT 1048576 MINEXTENTS 1 MAXEXTENTS 2147483645
  PCTINCREASE 0 FREELISTS 1 FREELIST GROUPS 1 BUFFER_POOL DEFAULT FLASH_CACHE DEFAULT CELL_FLASH_CACHE DEFAULT)
  TABLESPACE "USERS" ;
--------------------------------------------------------
--  DDL for Index POORPEOPLE_PK
--------------------------------------------------------

  CREATE UNIQUE INDEX "SCOTT"."POORPEOPLE_PK" ON "SCOTT"."POORPEOPLE" ("PHONENO") 
  PCTFREE 10 INITRANS 2 MAXTRANS 255 COMPUTE STATISTICS 
  STORAGE(INITIAL 65536 NEXT 1048576 MINEXTENTS 1 MAXEXTENTS 2147483645
  PCTINCREASE 0 FREELISTS 1 FREELIST GROUPS 1 BUFFER_POOL DEFAULT FLASH_CACHE DEFAULT CELL_FLASH_CACHE DEFAULT)
  TABLESPACE "USERS" ;




--------------------------------------------------------
--  Ref Constraints for Table DONATION
--------------------------------------------------------

  ALTER TABLE "SCOTT"."DONATION" ADD CONSTRAINT "DONAITON_CHARITY_EMP_FK1" FOREIGN KEY ("EMP_ID")
	  REFERENCES "SCOTT"."CHARITY_EMP" ("ID") ENABLE;
 
  ALTER TABLE "SCOTT"."DONATION" ADD CONSTRAINT "DONAITON_DONATOR_FK1" FOREIGN KEY ("DONATOR_ID")
	  REFERENCES "SCOTT"."DONATOR" ("PHONENO") ENABLE;

--------------------------------------------------------
--  Ref Constraints for Table EMP
--------------------------------------------------------

  ALTER TABLE "SCOTT"."EMP" ADD CONSTRAINT "FK_DEPTNO" FOREIGN KEY ("DEPTNO")
	  REFERENCES "SCOTT"."DEPT" ("DEPTNO") ENABLE;
--------------------------------------------------------
--  Ref Constraints for Table FILMACTORS
--------------------------------------------------------

  ALTER TABLE "SCOTT"."FILMACTORS" ADD FOREIGN KEY ("FILMID")
	  REFERENCES "SCOTT"."FILMTITLES" ("FILMID") ENABLE;
 
  ALTER TABLE "SCOTT"."FILMACTORS" ADD FOREIGN KEY ("ACTORID")
	  REFERENCES "SCOTT"."ACTORS" ("ACTORID") ENABLE;

--------------------------------------------------------
--  Ref Constraints for Table FILMCOPIES
--------------------------------------------------------

  ALTER TABLE "SCOTT"."FILMCOPIES" ADD FOREIGN KEY ("FILMID")
	  REFERENCES "SCOTT"."FILMTITLES" ("FILMID") ENABLE;
--------------------------------------------------------
--  Ref Constraints for Table FILMTITLES
--------------------------------------------------------

  ALTER TABLE "SCOTT"."FILMTITLES" ADD FOREIGN KEY ("FILMCATEGORYID")
	  REFERENCES "SCOTT"."FILMCATEGORY" ("CATEGORYID") ON DELETE CASCADE ENABLE;

--------------------------------------------------------
--  Ref Constraints for Table NEEDY_EMP
--------------------------------------------------------

  ALTER TABLE "SCOTT"."NEEDY_EMP" ADD CONSTRAINT "FK1" FOREIGN KEY ("NEEDY_ID")
	  REFERENCES "SCOTT"."POORPEOPLE" ("PHONENO") ENABLE;
 
  ALTER TABLE "SCOTT"."NEEDY_EMP" ADD CONSTRAINT "NEEDY_EMP_CHARITY_EMP_FK2" FOREIGN KEY ("EMP_ID")
	  REFERENCES "SCOTT"."CHARITY_EMP" ("ID") ENABLE;

--------------------------------------------------------
--  Ref Constraints for Table RENTALS
--------------------------------------------------------

  ALTER TABLE "SCOTT"."RENTALS" ADD FOREIGN KEY ("MEMBERID")
	  REFERENCES "SCOTT"."MEMBERS" ("MEMBERID") ENABLE;

--------------------------------------------------------
--  DDL for Synonymn DUAL
--------------------------------------------------------

  CREATE OR REPLACE PUBLIC SYNONYM "DUAL" FOR "SYS"."DUAL";
--------------------------------------------------------
--  DDL for Trigger INC1
--------------------------------------------------------

  CREATE OR REPLACE TRIGGER "SCOTT"."INC1" before insert on "NEEDY_EMP"    for each row begin     if inserting then       if :NEW."ID" is null then          select ACTID.nextval into :NEW."ID" from dual;       end if;    end if; end;
/
ALTER TRIGGER "SCOTT"."INC1" ENABLE;
--------------------------------------------------------
--  DDL for Trigger INCREMENT1
--------------------------------------------------------

  CREATE OR REPLACE TRIGGER "SCOTT"."INCREMENT1" before insert on "CHARITY_EMP"    for each row begin     if inserting then       if :NEW."ID" is null then          select ACTID.nextval into :NEW."ID" from dual;       end if;    end if; end;
/
ALTER TRIGGER "SCOTT"."INCREMENT1" ENABLE;
--------------------------------------------------------
--  DDL for Trigger SEQ
--------------------------------------------------------

  CREATE OR REPLACE TRIGGER "SCOTT"."SEQ" before insert on "CHARITY_EMP"    for each row begin     if inserting then       if :NEW."ID" is null then          select ACTID.nextval into :NEW."ID" from dual;       end if;    end if; end;
/
ALTER TRIGGER "SCOTT"."SEQ" ENABLE;
--------------------------------------------------------
--  DDL for Trigger TRIGERR
--------------------------------------------------------

  CREATE OR REPLACE TRIGGER "SCOTT"."TRIGERR" before insert on "DONATION"    for each row begin     if inserting then       if :NEW."ID" is null then          select ACTID.nextval into :NEW."ID" from dual;       end if;    end if; end;
/
ALTER TRIGGER "SCOTT"."TRIGERR" ENABLE;
--------------------------------------------------------
--  DDL for Procedure EMPLOYEES
--------------------------------------------------------
set define off;

  CREATE OR REPLACE PROCEDURE "SCOTT"."EMPLOYEES" 
(x out sys_refcursor)
as
begin
open x for
select name ,  id
from charity_emp;
end;

/

--------------------------------------------------------
--  DDL for Procedure GETCOPYID
--------------------------------------------------------
set define off;

  CREATE OR REPLACE PROCEDURE "SCOTT"."GETCOPYID" (fTitle in VARCHAR2 , CID out sys_refcursor)
as
begin
open CID for 
select fc.CopyID
from filmcopies fc , filmtitles f
where fc.filmid = f.filmid and fc.currentlyrented = 'n' and f.filmtitle = ftitle ;
END;

/


--------------------------------------------------------
--  DDL for Procedure GETRENTID
--------------------------------------------------------
set define off;

  CREATE OR REPLACE PROCEDURE "SCOTT"."GETRENTID" (RID out NUMBER)
as
begin 
select max(rentid)
into RID
from rentals;
end;

/

--------------------------------------------------------
--  DDL for Procedure INSERT_RENTAL
--------------------------------------------------------
set define off;

  CREATE OR REPLACE PROCEDURE "SCOTT"."INSERT_RENTAL" (RID  NUMBER , MID NUMBER , CID NUMBER , DRented DATE , DBack DATE
, Cost NUMBER )
as
begin 
INSERT into rentals (rentid , memberid , copyid , daterented , datedueback , rentalcost)
values (RID , MID , CID , drented,DBack , Cost);

end;

/

--------------------------------------------------------
--  DDL for Procedure ITEM
--------------------------------------------------------
set define off;

  CREATE OR REPLACE PROCEDURE "SCOTT"."ITEM" 
(y out sys_refcursor)
as
begin
open y for
select type
from donation;
end;

/

--------------------------------------------------------
--  DDL for Procedure NEEDY
--------------------------------------------------------
set define off;

  CREATE OR REPLACE PROCEDURE "SCOTT"."NEEDY" 
(x out sys_refcursor)
as
begin
open x for
select Name , phoneno
from poorpeople;
end;


/

--------------------------------------------------------
--  DDL for Procedure ONEEMP
--------------------------------------------------------
set define off;

  CREATE OR REPLACE PROCEDURE "SCOTT"."ONEEMP" (x out NUMBER)
as
begin
select max(id)
into x
from charity_emp
where status = 'free';
end ;
 

/

--------------------------------------------------------
--  DDL for Procedure UPDATE_STATUS
--------------------------------------------------------
set define off;

  CREATE OR REPLACE PROCEDURE "SCOTT"."UPDATE_STATUS" 
(CID NUMBER)
as
BEGIN
update filmCopies
set currentlyrented = 'y'
where copyid = CID;
end;

/

